step,tokens_seen,train_loss,eval_loss,eval_ppl,lr,grad_norm,tokens_per_sec,wall_s
25,6553600,1.8406666564941405,,,1.672473867595819e-05,1.5225577354431152,46727.8,140.3
50,13107200,1.8346705627441406,,,3.414634146341464e-05,1.6919926404953003,46679.6,280.8
75,19660800,1.8095477294921876,,,5.156794425087108e-05,2.1356606483459473,46509.6,422.7
100,26214400,1.803331298828125,,,6.898954703832753e-05,1.410362958908081,46668.4,561.7
125,32768000,1.7918624877929688,,,8.641114982578398e-05,1.4752254486083984,46939.1,698.1
150,39321600,1.7699290466308595,,,0.00010383275261324041,1.3493176698684692,46921.8,838.0
175,45875200,1.7520684814453125,,,0.00012125435540069687,1.2988418340682983,46357.6,989.6
200,52428800,1.7431736755371094,,,0.0001386759581881533,1.5672835111618042,46180.4,1135.3
225,58982400,1.723162384033203,,,0.00015609756097560978,2.825045108795166,46244.3,1275.5
250,65536000,1.7151539611816407,,,0.0001735191637630662,0.9145234823226929,46178.4,1419.2
275,72089600,1.6999761962890625,,,0.00019094076655052267,2.459048271179199,46244.3,1558.9
300,78643200,1.6940672302246094,,,0.0002,1.1363178491592407,46486.6,1691.7
325,85196800,1.6831871032714845,,,0.0002,1.0989799499511719,46659.0,1825.9
350,91750400,1.6654542541503907,,,0.0002,1.2706557512283325,46864.9,1957.8
375,98304000,1.6605581665039062,,,0.0002,0.8872236013412476,47084.3,2087.8
400,104857600,1.6649322509765625,,,0.0002,1.1541507244110107,47270.7,2218.2
425,111411200,1.6493312072753907,,,0.0002,0.436828076839447,47439.7,2348.5
450,117964800,1.6042251586914062,,,0.0002,0.4073653221130371,47581.3,2479.2
475,124518400,1.5728443908691405,,,0.0002,0.3877277374267578,47714.7,2609.6
500,131072000,1.5541482543945313,,,0.0002,0.3922842741012573,47837.2,2740.0
525,137625600,1.5461679077148438,,,0.0002,0.3997608721256256,47948.4,2870.3
550,144179200,1.5266082763671875,,,0.0002,0.3591988980770111,48052.5,3000.5
575,150732800,1.5218733215332032,,,0.0002,0.3621119558811188,48166.6,3129.4
600,157286400,1.5105589294433595,,,0.0002,0.36654961109161377,48250.4,3259.8
625,163840000,1.5061723327636718,,,0.0002,0.3669475018978119,48329.4,3390.1
650,170393600,1.4991317749023438,,,0.0002,0.3589010536670685,48398.7,3520.6
675,176947200,1.4938613891601562,,,0.0002,0.37455251812934875,48464.7,3651.1
700,183500800,1.492353973388672,,,0.0002,0.3731216788291931,48531.1,3781.1
725,190054400,1.4829566955566407,,,0.0002,0.35010382533073425,48586.2,3911.7
750,196608000,1.4818397521972657,,,0.0002,0.3461436629295349,48643.7,4041.8
775,203161600,1.4777717590332031,,,0.0002,0.35432860255241394,48710.0,4170.8
800,209715200,1.4712277221679688,,,0.0002,0.3530728816986084,48758.9,4301.1
825,216268800,1.4771968078613282,,,0.0002,0.3411707878112793,48796.1,4432.1
850,222822400,1.4697824096679688,,,0.0002,0.3448837995529175,48809.1,4565.2
875,229376000,1.46172607421875,,,0.0002,0.3321365714073181,48825.1,4697.9
900,235929600,1.4625460815429687,,,0.0002,0.33825233578681946,48858.4,4828.8
925,242483200,1.4575941467285156,,,0.0002,0.34436699748039246,48899.4,4958.8
950,249036800,1.4552088928222657,,,0.0002,0.3318355679512024,48934.8,5089.2
975,255590400,1.450832061767578,,,0.0002,0.3403662145137787,48970.3,5219.3
1000,262144000,1.4469888305664063,,,0.0002,0.35466837882995605,49002.5,5349.6
1000,262144000,,1.4598649740219116,4.305,,,48688.0,5384.2
1025,268697600,1.4521601867675782,,,0.0002,0.3511820435523987,48703.8,5517.0
1050,275251200,1.4501559448242187,,,0.0002,0.3227957785129547,48755.6,5645.5
1075,281804800,1.4481439208984375,,,0.0002,0.3697439432144165,48792.3,5775.6
1100,288358400,1.4456478881835937,,,0.0002,0.3430674076080322,48828.2,5905.6
1125,294912000,1.4459651184082032,,,0.0002,0.3339318335056305,48859.8,6035.9
1150,301465600,1.444979248046875,,,0.0002,0.3594115376472473,48892.3,6165.9
1175,308019200,1.4435037231445313,,,0.0002,0.3399401009082794,48919.5,6296.4
1200,314572800,1.4362725830078125,,,0.0002,0.37127482891082764,48948.4,6426.6
1225,321126400,1.443639678955078,,,0.0002,0.3206140398979187,48975.4,6556.9
1250,327680000,1.4374687194824218,,,0.0002,0.3435361385345459,49012.1,6685.7
1275,334233600,1.4351101684570313,,,0.0002,0.33416852355003357,49034.0,6816.4
1300,340787200,1.4338078308105469,,,0.0002,0.32359129190444946,49060.7,6946.2
1325,347340800,1.4328404235839844,,,0.0002,0.3329553008079529,49083.4,7076.5
1350,353894400,1.4356910705566406,,,0.0002,0.33645978569984436,49105.9,7206.8
1375,360448000,1.4310763549804688,,,0.0002,0.3507542312145233,49126.1,7337.2
1400,367001600,1.4348776245117187,,,0.0002,0.33801743388175964,49145.3,7467.7
1425,373555200,1.4308535766601562,,,0.0002,0.3427577018737793,49164.4,7598.1
1450,380108800,1.4274459838867188,,,0.0002,0.3347587287425995,49184.3,7728.3
1475,386662400,1.4206109619140626,,,0.0002,0.38366472721099854,49211.3,7857.2
1500,393216000,1.4294354248046874,,,0.0002,0.32004213333129883,49228.9,7987.5
1525,399769600,1.424739227294922,,,0.0002,0.3584875166416168,49246.0,8117.8
1550,406323200,1.4252761840820312,,,0.0002,0.33957740664482117,49264.7,8247.8
1575,412876800,1.4134169006347657,,,0.0002,0.33841758966445923,49280.3,8378.1
1600,419430400,1.4204769897460938,,,0.0002,0.3255634903907776,49295.7,8508.5
1625,425984000,1.420476531982422,,,0.0002,0.33797428011894226,49311.7,8638.6
1650,432537600,1.4161126708984375,,,0.0002,0.32792919874191284,49326.1,8768.9
1675,439091200,1.4179156494140626,,,0.0002,0.3312985599040985,49347.5,8897.9
1700,445644800,1.4155921936035156,,,0.0002,0.33345827460289,49361.2,9028.2
1725,452198400,1.411647491455078,,,0.0002,0.3256450891494751,49373.9,9158.7
1750,458752000,1.4153494262695312,,,0.0002,0.3218817412853241,49386.4,9289.0
1775,465305600,1.4147962951660156,,,0.0002,0.32717543840408325,49398.0,9419.5
1800,471859200,1.410292205810547,,,0.0002,0.31784409284591675,49410.9,9549.7
1825,478412800,1.411413116455078,,,0.0002,0.31530267000198364,49423.7,9679.8
1850,484966400,1.4157707214355468,,,0.0002,0.33268195390701294,49435.9,9810.0
1875,491520000,1.4184259033203126,,,0.0002,0.33663126826286316,49455.0,9938.7
1900,498073600,1.4176954650878906,,,0.0002,0.3451225161552429,49465.3,10069.1
1925,504627200,1.413111572265625,,,0.0002,0.34358328580856323,49477.4,10199.1
1950,511180800,1.411181640625,,,0.0002,0.3149752914905548,49487.6,10329.5
1975,517734400,1.4131385803222656,,,0.0002,0.32608145475387573,49498.4,10459.6
2000,524288000,1.4070550537109374,,,0.0002,0.3248744606971741,49508.1,10590.0
2000,524288000,,1.4111841917037964,4.101,,,49348.1,10624.3
2025,530841600,1.405348663330078,,,0.0002,0.35666021704673767,49347.0,10757.3
2050,537395200,1.4109367370605468,,,0.0002,0.32743021845817566,49358.6,10887.6
2075,543948800,1.4094413757324218,,,0.0002,0.3322988748550415,49369.8,11017.8
2100,550502400,1.4099073791503907,,,0.0002,0.3160598874092102,49386.6,11146.8
2125,557056000,1.4015335083007812,,,0.0002,0.3211665153503418,49397.2,11277.1
2150,563609600,1.4045956420898438,,,0.0002,0.3240959644317627,49407.5,11407.4
2175,570163200,1.4047761535644532,,,0.0002,0.3325280547142029,49417.9,11537.6
2200,576716800,1.4034646606445313,,,0.0002,0.3354592025279999,49428.7,11667.7
2225,583270400,1.4069886779785157,,,0.0002,0.3393018841743469,49438.6,11797.9
2250,589824000,1.4070960998535156,,,0.0002,0.3139844536781311,49448.4,11928.1
2275,596377600,1.404742431640625,,,0.0002,0.31822946667671204,49457.6,12058.4
2300,602931200,1.4001043701171876,,,0.0002,0.3232862651348114,49473.6,12186.9
2325,609484800,1.3947683715820312,,,0.0002,0.33330219984054565,49481.7,12317.4
2350,616038400,1.4050914001464845,,,0.0002,0.3040236532688141,49491.4,12447.4
2375,622592000,1.40254150390625,,,0.0002,0.3388225734233856,49499.0,12577.9
2400,629145600,1.3992843627929688,,,0.0002,0.3396431505680084,49507.1,12708.2
2425,635699200,1.4000192260742188,,,0.0002,0.3334421217441559,49514.7,12838.6
2450,642252800,1.3975392150878907,,,0.0002,0.3286561071872711,49522.5,12968.9
2475,648806400,1.399846649169922,,,0.0002,0.3126794397830963,49530.3,13099.2
2500,655360000,1.3981051635742188,,,0.0002,0.3177196979522705,49537.3,13229.6
2525,661913600,1.3946499633789062,,,0.0002,0.3066147565841675,49546.5,13359.4
2550,668467200,1.4018800354003906,,,0.0002,0.32293152809143066,49554.3,13489.6
2575,675020800,1.3945858764648438,,,0.0002,0.3137464225292206,49562.0,13619.7
2600,681574400,1.3954254150390626,,,0.0002,0.3174566924571991,49569.4,13749.9
2625,688128000,1.40042236328125,,,0.0002,0.3097831606864929,49578.4,13879.6
2650,694681600,1.3945254516601562,,,0.0002,0.3142305910587311,49585.4,14009.8
2675,701235200,1.3949201965332032,,,0.0002,0.3059793710708618,49596.2,14138.9
2700,707788800,1.3993348693847656,,,0.0002,0.3450230658054352,49603.9,14268.8
2725,714342400,1.392095947265625,,,0.0002,0.35320746898651123,49611.5,14398.7
2750,720896000,1.392982177734375,,,0.0002,0.31089499592781067,49616.2,14529.4
2775,727449600,1.3953729248046876,,,0.0002,0.330253928899765,49622.9,14659.6
2800,734003200,1.3873077392578126,,,0.0002,0.32514339685440063,49629.8,14789.6
2825,740556800,1.389335174560547,,,0.0002,0.3234803080558777,49640.5,14918.4
2850,747110400,1.3880697631835937,,,0.0002,0.3341194987297058,49645.2,15049.0
2875,753664000,1.3912709045410157,,,0.0002,0.3147817850112915,49651.2,15179.2
2900,760217600,1.39117431640625,,,0.0002,0.3393480181694031,49656.0,15309.7
2925,766771200,1.38943359375,,,0.0002,0.3166622519493103,49662.3,15439.7
2950,773324800,1.3889927673339844,,,0.0002,0.3124794661998749,49667.9,15569.9
2975,779878400,1.394842071533203,,,0.0002,0.3257630169391632,49674.1,15699.9
3000,786432000,1.3877275085449219,,,0.0002,0.32409682869911194,49678.8,15830.3
3000,786432000,,1.3892812728881836,4.012,,,49571.5,15864.6
3025,792985600,1.3904542541503906,,,0.0002,0.31637701392173767,49569.7,15997.4
3050,799539200,1.3846031188964845,,,0.0002,0.3254626989364624,49576.1,16127.5
3075,806092800,1.3845401000976563,,,0.0002,0.326895147562027,49586.0,16256.5
3100,812646400,1.3817744445800781,,,0.0002,0.3318035304546356,49592.2,16386.6
3125,819200000,1.3786944580078124,,,0.0002,0.33147749304771423,49598.1,16516.8
3150,825753600,1.3803120422363282,,,0.0002,0.314381867647171,49605.8,16646.3
3175,832307200,1.3897897338867187,,,0.0002,0.31607428193092346,49610.3,16776.9
3200,838860800,1.3882398986816407,,,0.0002,0.30590128898620605,49616.1,16907.0
3225,845414400,1.3823878479003906,,,0.0002,0.3242177367210388,49621.2,17037.4
3250,851968000,1.3817340087890626,,,0.0002,0.3113024830818176,49626.4,17167.6
3275,858521600,1.3810299682617186,,,0.0002,0.3246192932128906,49636.9,17296.0
3300,865075200,1.3811660766601563,,,0.0002,0.325806200504303,49637.8,17427.8
3325,871628800,1.3895259094238281,,,0.0002,0.36009401082992554,49646.8,17556.6
3350,878182400,1.3811001586914062,,,0.0002,0.3190537393093109,49651.7,17686.8
3375,884736000,1.3846693420410157,,,0.0002,0.32673779129981995,49657.6,17816.7
3400,891289600,1.381239776611328,,,0.0002,0.30311882495880127,49663.1,17946.7
3425,897843200,1.3799053955078124,,,0.0002,0.3150738477706909,49667.8,18076.9
3450,904396800,1.3772406005859374,,,0.0002,0.317677766084671,49673.5,18206.8
3475,910950400,1.3766397094726563,,,0.0002,0.31383100152015686,49678.0,18337.1
3500,917504000,1.3821945190429688,,,0.0002,0.3213290870189667,49683.1,18467.1
3525,924057600,1.377083740234375,,,0.0002,0.3166397213935852,49690.2,18596.4
3550,930611200,1.377804718017578,,,0.0002,0.35401973128318787,49695.1,18726.4
3575,937164800,1.3763333129882813,,,0.0002,0.31321752071380615,49699.8,18856.5
3600,943718400,1.3737284851074218,,,0.0002,0.3183923065662384,49704.4,18986.6
3625,950272000,1.3794818115234375,,,0.0002,0.3048951029777527,49708.9,19116.7
3650,956825600,1.3716885375976562,,,0.0002,0.3263549208641052,49713.4,19246.8
3675,963379200,1.3818365478515624,,,0.0002,0.3025810122489929,49717.0,19377.3
3700,969932800,1.374091339111328,,,0.0002,0.3275434374809265,49721.4,19507.3
3725,976486400,1.3844728088378906,,,0.0002,0.31596603989601135,49729.1,19636.1
3750,983040000,1.3755624389648438,,,0.0002,0.3464358448982239,49733.5,19766.1
3775,989593600,1.3731639099121093,,,0.0002,0.3193454146385193,49737.4,19896.4
3800,996147200,1.3704434204101563,,,0.0002,0.32667529582977295,49741.6,20026.5
3825,1002700800,1.3738381958007813,,,0.0002,0.3209855258464813,49745.8,20156.5
3850,1009254400,1.3741912841796875,,,0.0002,0.314575731754303,49749.7,20286.6
3875,1015808000,1.3699946594238281,,,0.0002,0.31365689635276794,49754.0,20416.6
3900,1022361600,1.3738383483886718,,,0.0002,0.3532419502735138,49758.1,20546.6
3925,1028915200,1.3746054077148437,,,0.0002,0.3325963616371155,49765.5,20675.3
3950,1035468800,1.3729034423828126,,,0.0002,0.3121800422668457,49768.9,20805.5
3975,1042022400,1.3715644836425782,,,0.0002,0.33104875683784485,49770.8,20936.4
4000,1048576000,1.3707276916503905,,,0.0002,0.31449195742607117,49773.9,21066.8
4000,1048576000,,1.3811041116714478,3.979,,,49691.8,21101.6
4025,1055129600,1.3656620788574219,,,0.0002,0.34245672821998596,49689.4,21234.5
4050,1061683200,1.3695783996582032,,,0.0002,0.3112013041973114,49693.3,21364.7
4075,1068236800,1.3753933715820312,,,0.0002,0.32003912329673767,49697.5,21494.8
4100,1074790400,1.3682185363769532,,,0.0002,0.3056606650352478,49701.9,21624.8
4125,1081344000,1.3691990661621094,,,0.0002,0.3156394362449646,49708.8,21753.6
4150,1087897600,1.3705511474609375,,,0.0002,0.30801740288734436,49713.1,21883.5
4175,1094451200,1.3710740661621095,,,0.0002,0.3042272627353668,49716.5,22013.8
4200,1101004800,1.3692408752441407,,,0.0002,0.3104007840156555,49720.0,22144.1
4225,1107558400,1.370133056640625,,,0.0002,0.32887375354766846,49723.9,22274.2
4250,1114112000,1.3683450317382813,,,0.0002,0.3330520689487457,49727.5,22404.4
4275,1120665600,1.3734654235839843,,,0.0002,0.3150162398815155,49731.1,22534.5
4300,1127219200,1.3704971313476562,,,0.0002,0.3229038417339325,49737.6,22663.3
4325,1133772800,1.369533233642578,,,0.0002,0.3245995044708252,49740.9,22793.6
4350,1140326400,1.3650616455078124,,,0.0002,0.3222159147262573,49743.9,22923.9
4375,1146880000,1.3691043090820312,,,0.0002,0.32002976536750793,49747.0,23054.3
4400,1153433600,1.3705108642578125,,,0.0002,0.3405168652534485,49749.4,23184.9
4425,1159987200,1.362766876220703,,,0.0002,0.31410372257232666,49753.9,23314.5
4450,1166540800,1.368076171875,,,0.0002,0.32901349663734436,49757.4,23444.6
4475,1173094400,1.3719464111328126,,,0.0002,0.31710749864578247,49761.0,23574.6
4500,1179648000,1.3635165405273437,,,0.0002,0.30640697479248047,49763.1,23705.3
4525,1186201600,1.3722023010253905,,,0.0002,0.3084169924259186,49766.7,23835.2
4550,1192755200,1.3656221008300782,,,0.0002,0.33329957723617554,49770.6,23965.1
4575,1199308800,1.3652928161621094,,,0.0002,0.2978511452674866,49773.7,24095.2
4600,1205862400,1.3669873046875,,,0.0002,0.318721741437912,49776.6,24225.5
4625,1212416000,1.3649771118164062,,,0.0002,0.34934502840042114,49779.7,24355.6
4650,1218969600,1.3641943359375,,,0.0002,0.3120301067829132,49785.3,24484.5
4675,1225523200,1.364904022216797,,,0.0002,0.3032378852367401,49788.9,24614.4
4700,1232076800,1.3637637329101562,,,0.0002,0.32621151208877563,49791.0,24745.0
4725,1238630400,1.363959503173828,,,0.0002,0.31840217113494873,49793.5,24875.3
4750,1245184000,1.3587138366699218,,,0.0002,0.31103846430778503,49796.3,25005.5
4775,1251737600,1.3582669067382813,,,0.0002,0.30875352025032043,49799.6,25135.5
4800,1258291200,1.3649856567382812,,,0.0002,0.3175031840801239,49802.5,25265.6
4825,1264844800,1.3705877685546874,,,0.0002,0.31051763892173767,49808.3,25394.2
4850,1271398400,1.3633995056152344,,,0.0002,0.3336396813392639,49811.3,25524.3
4875,1277952000,1.3653433227539062,,,0.0002,0.30096492171287537,49814.2,25654.4
4900,1284505600,1.3609226989746093,,,0.0002,0.29991284012794495,49816.7,25784.6
4925,1291059200,1.3688818359375,,,0.0002,0.310024231672287,49819.8,25914.6
4950,1297612800,1.3616670227050782,,,0.0002,0.30982890725135803,49822.3,26044.8
4975,1304166400,1.3600978088378906,,,0.0002,0.30930420756340027,49825.6,26174.6
5000,1310720000,1.3643238830566407,,,0.0002,0.3082104027271271,49828.3,26304.7
5000,1310720000,,1.3691928386688232,3.932,,,49762.2,26339.7
5025,1317273600,1.3597056579589843,,,0.0002,0.3094286620616913,49759.7,26472.7
5050,1323827200,1.365775604248047,,,0.0002,0.3286668360233307,49762.5,26602.9
5075,1330380800,1.35825927734375,,,0.0002,0.3060585558414459,49765.8,26732.8
5100,1336934400,1.362489013671875,,,0.0002,0.30072277784347534,49768.5,26863.1
5125,1343488000,1.3612452697753907,,,0.0002,0.30214542150497437,49771.4,26993.2
5150,1350041600,1.3567941284179688,,,0.0002,0.3008272051811218,49774.1,27123.4
5175,1356595200,1.363146514892578,,,0.0002,0.3041129410266876,49777.3,27253.3
5200,1363148800,1.3621315002441405,,,0.0002,0.29724764823913574,49780.2,27383.3
5225,1369702400,1.3583221435546875,,,0.0002,0.3009290397167206,49783.0,27513.5
5250,1376256000,1.360433349609375,,,0.0002,0.3226199150085449,49785.5,27643.7
5275,1382809600,1.361219482421875,,,0.0002,0.3215005695819855,49788.1,27773.9
5300,1389363200,1.3584735107421875,,,0.0002,0.33349984884262085,49792.8,27902.9
5325,1395916800,1.358695068359375,,,0.0002,0.35433638095855713,49795.9,28032.8
5350,1402470400,1.356854705810547,,,0.0002,0.3236692249774933,49798.4,28163.0
5375,1409024000,1.3630015563964843,,,0.0002,0.309449166059494,49800.3,28293.5
5400,1415577600,1.3577053833007813,,,0.0002,0.3114748001098633,49802.6,28423.8
5425,1422131200,1.3613990783691405,,,0.0002,0.33678919076919556,49804.4,28554.4
5450,1428684800,1.3569638061523437,,,0.0002,0.31257614493370056,49806.4,28684.8
5475,1435238400,1.358214111328125,,,0.0002,0.3227478265762329,49808.5,28815.1
5500,1441792000,1.3536471557617187,,,0.0002,0.3131929337978363,49813.5,28943.8
5525,1448345600,1.3508334350585938,,,0.0002,0.3179554343223572,49813.9,29075.1
5550,1454899200,1.3604127502441405,,,0.0002,0.30816271901130676,49816.3,29205.3
5575,1461452800,1.3585704040527344,,,0.0002,0.3067619800567627,49819.3,29335.1
5600,1468006400,1.3613887023925781,,,0.0002,0.2934356927871704,49821.8,29465.1
5625,1474560000,1.355220489501953,,,0.0002,0.3249978721141815,49825.8,29594.3
5650,1481113600,1.3484323120117188,,,0.0002,0.29892414808273315,49827.9,29724.6
5675,1487667200,1.3507916259765624,,,0.0002,0.3199109435081482,49829.0,29855.4
5700,1494220800,1.351585693359375,,,0.0002,0.30087053775787354,49831.9,29985.2
5725,1500774400,1.35533935546875,,,0.0002,0.32341963052749634,49834.3,30115.3
5750,1507328000,1.3605825805664062,,,0.0002,0.30053210258483887,49836.5,30245.5
5775,1513881600,1.3506869506835937,,,0.0002,0.30931466817855835,49838.3,30375.9
5800,1520435200,1.357062530517578,,,0.0002,0.2968064844608307,49842.3,30504.9
5825,1526988800,1.358323974609375,,,0.0002,0.32346174120903015,49844.4,30635.1
5850,1533542400,1.3524285888671874,,,0.0002,0.3265625536441803,49846.3,30765.4
5875,1540096000,1.3552938842773437,,,0.0002,0.3033132255077362,49848.7,30895.4
5900,1546649600,1.3487220764160157,,,0.0002,0.3196994364261627,49851.0,31025.5
5925,1553203200,1.3533517456054687,,,0.0002,0.3218607008457184,49852.9,31155.7
5950,1559756800,1.3566822814941406,,,0.0002,0.3146829903125763,49854.7,31286.0
5975,1566310400,1.3519151306152344,,,0.0002,0.318511426448822,49856.7,31416.3
6000,1572864000,1.3513357543945312,,,0.0002,0.35124579071998596,49858.7,31546.4
6000,1572864000,,1.3560779094696045,3.881,,,49804.7,31580.7
6025,1579417600,1.3502397155761718,,,0.0002,0.29669204354286194,49804.6,31712.3
6050,1585971200,1.35173828125,,,0.0002,0.3089621663093567,49806.7,31842.5
6075,1592524800,1.3512075805664063,,,0.0002,0.3186069428920746,49807.9,31973.4
6100,1599078400,1.355482177734375,,,0.0002,0.29664015769958496,49809.8,32103.7
6125,1605632000,1.3453657531738281,,,0.0002,0.301828533411026,49812.3,32233.6
6150,1612185600,1.3489918518066406,,,0.0002,0.29607269167900085,49814.1,32364.1
6175,1618739200,1.3538197326660155,,,0.0002,0.2992795705795288,49815.7,32494.5
6200,1625292800,1.3541134643554686,,,0.0002,0.32059037685394287,49817.4,32625.0
6225,1631846400,1.3518218994140625,,,0.0002,0.3142252266407013,49819.7,32755.0
6250,1638400000,1.3542153930664063,,,0.0002,0.3191238045692444,49821.8,32885.2
6275,1644953600,1.3496932983398438,,,0.0002,0.3006654679775238,49825.1,33014.5
6300,1651507200,1.3520982360839844,,,0.0002,0.3044472634792328,49827.7,33144.4
6325,1658060800,1.3520191955566405,,,0.0002,0.3097882568836212,49829.1,33274.9
6350,1664614400,1.3483854675292968,,,0.0002,0.3185782730579376,49831.1,33405.1
6375,1671168000,1.3477288818359374,,,0.0002,0.31983482837677,49834.1,33534.6
6400,1677721600,1.3515940856933595,,,0.0002,0.307210773229599,49835.7,33665.0
6425,1684275200,1.3524545288085938,,,0.0002,0.30737870931625366,49837.6,33795.3
6450,1690828800,1.3442997741699219,,,0.0002,0.30756130814552307,49839.6,33925.4
6475,1697382400,1.3436189270019532,,,0.0002,0.3045482635498047,49841.9,34055.4
6500,1703936000,1.351668701171875,,,0.0002,0.3179655969142914,49844.8,34184.8
6525,1710489600,1.3504013061523437,,,0.0002,0.3124123811721802,49846.3,34315.3
6550,1717043200,1.3512507629394532,,,0.0002,0.3003399074077606,49848.3,34445.4
6575,1723596800,1.34973876953125,,,0.0002,0.3333205282688141,49850.2,34575.6
6600,1730150400,1.3456423950195313,,,0.0002,0.30890995264053345,49851.4,34706.1
6625,1736704000,1.3512385559082032,,,0.0002,0.3186551332473755,49853.4,34836.2
6650,1743257600,1.3524522399902343,,,0.0002,0.32756948471069336,49846.5,34972.5
6675,1749811200,1.3515213012695313,,,0.0002,0.28958767652511597,49843.5,35106.1
6700,1756364800,1.3488685607910156,,,0.0002,0.3113327920436859,49840.8,35239.5
6725,1762918400,1.3437005615234374,,,0.0002,0.3121526837348938,49841.8,35370.3
6750,1769472000,1.3464004516601562,,,0.0002,0.29786181449890137,49843.1,35500.8
6775,1776025600,1.3413050842285157,,,0.0002,0.3094688653945923,49846.1,35630.2
6800,1782579200,1.343388671875,,,0.0002,0.29946544766426086,49846.8,35761.1
6825,1789132800,1.3418028259277344,,,0.0002,0.3080439567565918,49847.1,35892.4
6850,1795686400,1.3531083679199218,,,0.0002,0.3296721577644348,49848.6,36022.8
6875,1802240000,1.3523695373535156,,,0.0002,0.30776143074035645,49852.1,36151.7
6900,1808793600,1.3475279235839843,,,0.0002,0.3078671395778656,49853.2,36282.4
6925,1815347200,1.3460836791992188,,,0.0002,0.3056435286998749,49854.4,36413.0
6950,1821900800,1.3446664428710937,,,0.0002,0.33743491768836975,49855.6,36543.6
6975,1828454400,1.34419189453125,,,0.0002,0.30697107315063477,49856.6,36674.3
7000,1835008000,1.3465994262695313,,,0.0002,0.3113310635089874,49857.7,36804.9
7000,1835008000,,1.3469083309173584,3.846,,,49811.0,36839.4
7025,1841561600,1.3458358764648437,,,0.0002,0.30481424927711487,49808.0,36973.2
7050,1848115200,1.3513676452636718,,,0.0002,0.2963240444660187,49810.5,37103.0
7075,1854668800,1.3474229431152345,,,0.0002,0.29404547810554504,49811.6,37233.6
7100,1861222400,1.3501812744140624,,,0.0002,0.30874866247177124,49814.0,37363.4
7125,1867776000,1.342686004638672,,,0.0002,0.3026699423789978,49815.4,37493.9
7150,1874329600,1.344091339111328,,,0.0002,0.30718639492988586,49815.6,37625.4
7175,1880883200,1.3347616577148438,,,0.0002,0.305481880903244,49819.0,37754.3
7200,1887436800,1.3425161743164062,,,0.0002,0.30437538027763367,49818.1,37886.6
7225,1893990400,1.3462290954589844,,,0.0002,0.30476999282836914,49821.3,38015.7
7250,1900544000,1.3420399475097655,,,0.0002,0.306388258934021,49822.3,38146.5
7275,1907097600,1.345069580078125,,,0.0002,0.3198254704475403,49823.4,38277.1
7300,1913651200,1.3413214111328124,,,0.0002,0.29797571897506714,49824.9,38407.5
7325,1920204800,1.3441134643554689,,,0.0002,0.30931556224823,49826.2,38538.1
7350,1926758400,1.340624542236328,,,0.0002,0.3181142508983612,49827.3,38668.7
7375,1933312000,1.3507742309570312,,,0.0002,0.30964624881744385,49829.2,38798.8
7400,1939865600,1.3431564331054688,,,0.0002,0.30606958270072937,49831.0,38928.9
7425,1946419200,1.338168182373047,,,0.0002,0.32029658555984497,49833.0,39058.8
7450,1952972800,1.338131103515625,,,0.0002,0.3028703033924103,49836.0,39188.0
7475,1959526400,1.343251953125,,,0.0002,0.3054436147212982,49838.2,39317.8
7500,1966080000,1.3441177368164063,,,0.0002,0.29527220129966736,49839.9,39447.9
7525,1972633600,1.3395486450195313,,,0.0002,0.30744609236717224,49840.4,39579.0
7550,1979187200,1.34526611328125,,,0.0002,0.2875567674636841,49842.7,39708.6
7575,1985740800,1.3453245544433594,,,0.0002,0.31969353556632996,49844.1,39839.0
7600,1992294400,1.34396484375,,,0.0002,0.30651354789733887,49846.0,39969.0
7625,1998848000,1.3461097717285155,,,0.0002,0.30198851227760315,49847.5,40099.3
7650,2005401600,1.3418402099609374,,,0.00019821709491347667,0.3069951832294464,49849.0,40229.5
7675,2011955200,1.3456689453125,,,0.00019559517566858942,0.3186134696006775,49852.1,40358.5
7700,2018508800,1.3450341796875,,,0.00019297325642370216,0.30286720395088196,49850.0,40491.7
7725,2025062400,1.3446272277832032,,,0.0001903513371788149,0.3068465292453766,49848.0,40624.7
7750,2031616000,1.34499267578125,,,0.00018772941793392765,0.2997458577156067,49845.8,40758.0
7775,2038169600,1.329793701171875,,,0.0001851074986890404,0.29840323328971863,49846.7,40888.8
7800,2044723200,1.3336270141601563,,,0.0001824855794441531,0.2998966574668884,49848.6,41018.7
7825,2051276800,1.34038818359375,,,0.00017986366019926586,0.3005147874355316,49850.4,41148.7
7850,2057830400,1.3393537902832031,,,0.00017724174095437863,0.29288366436958313,49851.5,41279.2
7875,2064384000,1.3322447204589845,,,0.00017461982170949137,0.3030012845993042,49852.6,41409.8
7900,2070937600,1.3359783935546874,,,0.0001719979024646041,0.2998286485671997,49853.9,41540.1
7925,2077491200,1.334224853515625,,,0.00016937598321971684,0.29662415385246277,49854.6,41671.0
7950,2084044800,1.3297457885742188,,,0.00016675406397482958,0.2939968407154083,49856.3,41801.0
7975,2090598400,1.33667236328125,,,0.00016413214472994235,0.2881985306739807,49857.5,41931.5
8000,2097152000,1.3377055358886718,,,0.00016151022548505507,0.29146966338157654,49858.6,42062.0
8000,2097152000,,1.3385181427001953,3.813,,,49817.9,42096.3
8025,2103705600,1.3297796630859375,,,0.00015888830624016781,0.2963409125804901,49814.8,42230.5
8050,2110259200,1.3320516967773437,,,0.00015626638699528056,0.310990571975708,49816.0,42361.1
8075,2116812800,1.3328176879882812,,,0.0001536444677503933,0.3204479515552521,49817.3,42491.5
8100,2123366400,1.3304843139648437,,,0.00015102254850550602,0.286807119846344,49813.5,42626.3
8125,2129920000,1.3273300170898437,,,0.00014840062926061877,0.3233690559864044,49803.9,42766.1
8150,2136473600,1.3306192016601563,,,0.0001457787100157315,0.29421311616897583,49791.6,42908.3
8175,2143027200,1.3269166564941406,,,0.00014315679077084426,0.2914445996284485,49784.0,43046.5
8200,2149580800,1.3246893310546874,,,0.000140534871525957,0.2886158227920532,49776.8,43184.4
8225,2156134400,1.3255439758300782,,,0.00013791295228106974,0.29991042613983154,49769.4,43322.5
8250,2162688000,1.3213615417480469,,,0.0001352910330361825,0.29820993542671204,49761.8,43460.8
8275,2169241600,1.3257246398925782,,,0.00013266911379129523,0.3021654188632965,49754.5,43598.9
8300,2175795200,1.3189146423339844,,,0.00013004719454640798,0.31455862522125244,49747.3,43736.9
8325,2182348800,1.323778839111328,,,0.00012742527530152072,0.28873440623283386,49746.1,43869.7
8350,2188902400,1.3282333374023438,,,0.00012480335605663347,0.325390487909317,49745.0,44002.4
8375,2195456000,1.3257029724121094,,,0.0001221814368117462,0.29943615198135376,49743.4,44135.6
8400,2202009600,1.3258366394042969,,,0.00011955951756685894,0.3100626766681671,49742.9,44267.8
8425,2208563200,1.31878662109375,,,0.00011693759832197169,0.2935432493686676,49743.0,44399.5
8450,2215116800,1.3203211975097657,,,0.00011431567907708442,0.2940567433834076,49744.8,44529.7
8475,2221670400,1.315693359375,,,0.00011169375983219716,0.28195130825042725,49746.6,44659.7
8500,2228224000,1.3171156311035157,,,0.00010907184058730991,0.2866138517856598,49748.3,44789.9
8525,2234777600,1.3193379211425782,,,0.00010644992134242264,0.30232006311416626,49749.6,44920.5
8550,2241331200,1.3129388427734374,,,0.0001038280020975354,0.30051031708717346,49752.9,45049.3
8575,2247884800,1.3147064208984376,,,0.00010120608285264814,0.29932740330696106,49753.2,45180.7
8600,2254438400,1.3163914489746094,,,9.858416360776089e-05,0.29755645990371704,49756.1,45309.8
8625,2260992000,1.3198768615722656,,,9.596224436287362e-05,0.2901782691478729,49757.4,45440.3
8650,2267545600,1.3173814392089844,,,9.334032511798636e-05,0.2932462990283966,49759.3,45570.3
8675,2274099200,1.3139649963378905,,,9.071840587309912e-05,0.28946584463119507,49761.1,45700.3
8700,2280652800,1.312568359375,,,8.809648662821187e-05,0.28252026438713074,49762.9,45830.4
8725,2287206400,1.3144558715820311,,,8.54745673833246e-05,0.2957924008369446,49764.7,45960.4
8750,2293760000,1.3090652465820312,,,8.285264813843734e-05,0.2834465503692627,49766.3,46090.6
8775,2300313600,1.3142247009277344,,,8.023072889355007e-05,0.3264513611793518,49768.2,46220.6
8800,2306867200,1.3108058166503906,,,7.760880964866282e-05,0.3046354651451111,49770.7,46349.9
8825,2313420800,1.306696014404297,,,7.498689040377558e-05,0.29320022463798523,49772.4,46480.0
8850,2319974400,1.3113011169433593,,,7.236497115888832e-05,0.29629647731781006,49774.8,46609.4
8875,2326528000,1.307409210205078,,,6.974305191400105e-05,0.28421926498413086,49776.7,46739.3
8900,2333081600,1.3066317749023437,,,6.71211326691138e-05,0.2854729890823364,49778.2,46869.5
8925,2339635200,1.312130126953125,,,6.449921342422654e-05,0.29201602935791016,49778.8,47000.6
8950,2346188800,1.3034336853027344,,,6.187729417933927e-05,0.289273202419281,49781.5,47129.7
8975,2352742400,1.3011715698242188,,,5.925537493445201e-05,0.3019368052482605,49783.3,47259.7
9000,2359296000,1.3081381225585937,,,5.6633455689564775e-05,0.2903839647769928,49784.8,47389.9
9000,2359296000,,1.3078603744506836,3.698,,,49748.8,47424.2
9025,2365849600,1.300240478515625,,,5.401153644467751e-05,0.295255184173584,49747.7,47557.0
9050,2372403200,1.3074002075195312,,,5.138961719979025e-05,0.2739420533180237,49748.8,47687.7
9075,2378956800,1.3066481018066407,,,4.876769795490299e-05,0.2756126821041107,49749.8,47818.4
9100,2385510400,1.30075439453125,,,4.614577871001573e-05,0.28726574778556824,49752.8,47947.3
9125,2392064000,1.307024688720703,,,4.352385946512847e-05,0.2842860519886017,49754.7,48077.2
9150,2398617600,1.3124017333984375,,,4.090194022024121e-05,0.2996172308921814,49756.5,48207.1
9175,2405171200,1.3030465698242188,,,3.828002097535397e-05,0.28735944628715515,49757.8,48337.6
9200,2411724800,1.3034963989257813,,,3.565810173046671e-05,0.28765934705734253,49759.3,48467.8
9225,2418278400,1.307297821044922,,,3.303618248557945e-05,0.2907375991344452,49761.1,48597.8
9250,2424832000,1.2948062133789062,,,3.0414263240692188e-05,0.33019793033599854,49762.7,48727.9
9275,2431385600,1.3019338989257812,,,2.7792343995804926e-05,0.2887187898159027,49765.8,48856.6
9300,2437939200,1.3036839294433593,,,2.5170424750917663e-05,0.2883498966693878,49766.7,48987.3
9325,2444492800,1.3063949584960937,,,2.2548505506030425e-05,0.28345659375190735,49769.7,49116.1
9350,2451046400,1.2952987670898437,,,1.9926586261143166e-05,0.2883438766002655,49769.4,49248.1
9375,2457600000,1.301151580810547,,,1.7304667016255904e-05,0.2748599946498871,49771.2,49377.9
9400,2464153600,1.3014407348632813,,,1.4682747771368644e-05,0.30437734723091125,49773.3,49507.5
9425,2470707200,1.2997749328613282,,,1.2060828526481382e-05,0.2730000615119934,49774.4,49638.1
9450,2477260800,1.2987998962402343,,,9.438909281594121e-06,0.270880788564682,49774.6,49769.5
9475,2483814400,1.298386688232422,,,6.816990036706861e-06,0.2828202247619629,49778.1,49897.8
9500,2490368000,1.2959510803222656,,,4.195070791819622e-06,0.2976188659667969,49779.5,50028.0
9525,2496921600,1.304278564453125,,,1.573151546932361e-06,0.28489983081817627,49780.9,50158.3
9539,2500591616,,1.2989258766174316,3.665,,,49749.6,50263.5
9539,2500591616,,,,,,49746.8,50266.4
