doc_id,tokenizer,label,doc_tokens,n_evidence_sents,first_evidence_tok,last_evidence_tok
27,ConfliBERT-2021,ARREST,272,2,38,91
27,ConfliBERT-2021,FORCE,272,1,107,107
27,ConfliBERT-2021,ANY_ACTION,272,6,1,226
33,ConfliBERT-2021,KILL,781,2,363,376
33,ConfliBERT-2021,FORCE,781,2,363,376
33,ConfliBERT-2021,ANY_ACTION,781,8,1,536
20,ConfliBERT-2021,ARREST,240,3,3,132
20,ConfliBERT-2021,ANY_ACTION,240,6,3,150
4,ConfliBERT-2021,ANY_ACTION,245,2,1,35
17,ConfliBERT-2021,ANY_ACTION,471,4,27,260
26,ConfliBERT-2021,FORCE,479,1,252,252
26,ConfliBERT-2021,ANY_ACTION,479,6,41,366
48,ConfliBERT-2021,FAIL,389,4,66,318
48,ConfliBERT-2021,ANY_ACTION,389,4,1,318
55,ConfliBERT-2021,FAIL,526,1,195,195
55,ConfliBERT-2021,ANY_ACTION,526,2,248,264
59,ConfliBERT-2021,ANY_ACTION,434,12,1,391
70,ConfliBERT-2021,ANY_ACTION,417,8,67,388
82,ConfliBERT-2021,KILL,812,1,440,440
82,ConfliBERT-2021,ARREST,812,4,237,695
82,ConfliBERT-2021,FORCE,812,3,440,632
82,ConfliBERT-2021,ANY_ACTION,812,13,237,796
86,ConfliBERT-2021,FORCE,274,2,1,45
86,ConfliBERT-2021,ANY_ACTION,274,3,1,134
93,ConfliBERT-2021,ARREST,332,1,53,53
93,ConfliBERT-2021,ANY_ACTION,332,1,53,53
104,ConfliBERT-2021,ANY_ACTION,744,4,233,688
132,ConfliBERT-2021,FORCE,465,1,391,391
132,ConfliBERT-2021,ANY_ACTION,465,3,246,391
136,ConfliBERT-2021,ANY_ACTION,118,3,50,90
137,ConfliBERT-2021,ANY_ACTION,681,8,35,399
35,ConfliBERT-2021,ANY_ACTION,519,2,215,255
38,ConfliBERT-2021,ANY_ACTION,421,6,160,312
39,ConfliBERT-2021,FAIL,546,3,154,483
39,ConfliBERT-2021,FORCE,546,2,1,35
39,ConfliBERT-2021,ANY_ACTION,546,7,1,483
41,ConfliBERT-2021,ARREST,476,5,54,215
41,ConfliBERT-2021,ANY_ACTION,476,8,54,298
154,ConfliBERT-2021,FAIL,287,1,150,150
156,ConfliBERT-2021,ANY_ACTION,1096,1,992,992
157,ConfliBERT-2021,FAIL,793,1,403,403
157,ConfliBERT-2021,ANY_ACTION,793,1,704,704
42,ConfliBERT-2021,ARREST,311,1,199,199
42,ConfliBERT-2021,ANY_ACTION,311,6,85,277
2,ConfliBERT-2021,FAIL,357,3,218,304
15,ConfliBERT-2021,ANY_ACTION,365,3,4,307
22,ConfliBERT-2021,FAIL,394,3,179,220
22,ConfliBERT-2021,ANY_ACTION,394,2,9,108
28,ConfliBERT-2021,ANY_ACTION,454,3,95,266
171,ConfliBERT-2021,FORCE,177,2,38,84
171,ConfliBERT-2021,ANY_ACTION,177,4,3,121
176,ConfliBERT-2021,FAIL,546,1,310,310
192,ConfliBERT-2021,ANY_ACTION,881,5,320,729
194,ConfliBERT-2021,ANY_ACTION,348,3,190,248
203,ConfliBERT-2021,ANY_ACTION,102,2,12,73
50,ConfliBERT-2021,KILL,790,1,456,456
50,ConfliBERT-2021,ARREST,790,2,606,660
50,ConfliBERT-2021,FAIL,790,1,500,500
50,ConfliBERT-2021,FORCE,790,1,456,456
50,ConfliBERT-2021,ANY_ACTION,790,15,145,767
211,ConfliBERT-2021,ARREST,659,1,187,187
211,ConfliBERT-2021,ANY_ACTION,659,12,1,513
56,ConfliBERT-2021,FORCE,333,1,206,206
56,ConfliBERT-2021,ANY_ACTION,333,3,161,280
234,ConfliBERT-2021,FAIL,669,9,1,582
234,ConfliBERT-2021,ANY_ACTION,669,5,337,553
237,ConfliBERT-2021,ANY_ACTION,125,2,43,86
240,ConfliBERT-2021,ARREST,598,2,101,297
240,ConfliBERT-2021,ANY_ACTION,598,7,11,467
251,ConfliBERT-2021,FAIL,457,2,56,75
261,ConfliBERT-2021,KILL,703,1,342,342
261,ConfliBERT-2021,ARREST,703,1,342,342
261,ConfliBERT-2021,FAIL,703,1,382,382
261,ConfliBERT-2021,FORCE,703,1,342,342
261,ConfliBERT-2021,ANY_ACTION,703,2,289,342
271,ConfliBERT-2021,FAIL,294,2,1,71
276,ConfliBERT-2021,FAIL,546,2,195,325
276,ConfliBERT-2021,ANY_ACTION,546,5,53,516
282,ConfliBERT-2021,ANY_ACTION,204,1,23,23
286,ConfliBERT-2021,ANY_ACTION,460,1,390,390
297,ConfliBERT-2021,ARREST,633,1,592,592
297,ConfliBERT-2021,ANY_ACTION,633,1,592,592
307,ConfliBERT-2021,ANY_ACTION,892,9,310,709
319,ConfliBERT-2021,FAIL,271,1,141,141
319,ConfliBERT-2021,ANY_ACTION,271,2,88,229
338,ConfliBERT-2021,ANY_ACTION,246,3,1,166
355,ConfliBERT-2021,KILL,653,1,64,64
355,ConfliBERT-2021,ARREST,653,1,30,30
355,ConfliBERT-2021,FAIL,653,1,314,314
355,ConfliBERT-2021,FORCE,653,2,30,64
355,ConfliBERT-2021,ANY_ACTION,653,5,1,485
365,ConfliBERT-2021,ANY_ACTION,724,3,11,395
382,ConfliBERT-2021,ANY_ACTION,565,1,199,199
390,ConfliBERT-2021,ARREST,651,5,10,572
390,ConfliBERT-2021,FAIL,651,1,281,281
390,ConfliBERT-2021,ANY_ACTION,651,11,10,572
407,ConfliBERT-2021,ARREST,381,7,3,297
407,ConfliBERT-2021,FORCE,381,1,297,297
407,ConfliBERT-2021,ANY_ACTION,381,10,3,329
430,ConfliBERT-2021,ARREST,1556,2,374,1082
430,ConfliBERT-2021,FORCE,1556,3,1155,1453
430,ConfliBERT-2021,ANY_ACTION,1556,20,31,1453
444,ConfliBERT-2021,KILL,259,1,71,71
444,ConfliBERT-2021,ARREST,259,1,232,232
444,ConfliBERT-2021,FAIL,259,1,105,105
444,ConfliBERT-2021,FORCE,259,2,71,200
444,ConfliBERT-2021,ANY_ACTION,259,3,71,232
458,ConfliBERT-2021,FAIL,314,1,111,111
463,ConfliBERT-2021,ANY_ACTION,185,5,1,151
464,ConfliBERT-2021,KILL,565,2,1,342
464,ConfliBERT-2021,ARREST,565,1,499,499
464,ConfliBERT-2021,FORCE,565,6,1,437
464,ConfliBERT-2021,ANY_ACTION,565,14,1,499
466,ConfliBERT-2021,ANY_ACTION,893,1,625,625
476,ConfliBERT-2021,ANY_ACTION,195,4,1,179
480,ConfliBERT-2021,FAIL,321,1,144,144
505,ConfliBERT-2021,ANY_ACTION,371,4,33,193
528,ConfliBERT-2021,ANY_ACTION,554,1,131,131
558,ConfliBERT-2021,ANY_ACTION,621,1,275,275
571,ConfliBERT-2021,ANY_ACTION,888,1,713,713
575,ConfliBERT-2021,ANY_ACTION,202,3,55,124
54,ConfliBERT-2021,ANY_ACTION,136,1,105,105
579,ConfliBERT-2021,ANY_ACTION,322,1,279,279
606,ConfliBERT-2021,ARREST,139,2,1,49
606,ConfliBERT-2021,ANY_ACTION,139,3,1,74
609,ConfliBERT-2021,KILL,309,2,1,96
609,ConfliBERT-2021,ARREST,309,1,238,238
609,ConfliBERT-2021,FORCE,309,4,1,209
609,ConfliBERT-2021,ANY_ACTION,309,6,1,238
631,ConfliBERT-2021,ANY_ACTION,438,1,336,336
639,ConfliBERT-2021,FAIL,309,2,97,175
639,ConfliBERT-2021,ANY_ACTION,309,10,1,297
654,ConfliBERT-2021,FAIL,285,1,53,53
657,ConfliBERT-2021,KILL,204,1,156,156
657,ConfliBERT-2021,FORCE,204,1,156,156
657,ConfliBERT-2021,ANY_ACTION,204,1,156,156
661,ConfliBERT-2021,FAIL,612,1,292,292
661,ConfliBERT-2021,ANY_ACTION,612,2,259,393
668,ConfliBERT-2021,FAIL,970,2,44,287
668,ConfliBERT-2021,ANY_ACTION,970,1,287,287
670,ConfliBERT-2021,FAIL,1002,1,117,117
682,ConfliBERT-2021,FAIL,241,2,45,118
686,ConfliBERT-2021,ANY_ACTION,362,4,76,279
1,ConfliBERT-2021,ANY_ACTION,515,1,173,173
6,ConfliBERT-2021,ANY_ACTION,609,1,294,294
88,ConfliBERT-2021,ANY_ACTION,469,1,316,316
99,ConfliBERT-2021,ARREST,297,1,65,65
99,ConfliBERT-2021,ANY_ACTION,297,3,65,202
102,ConfliBERT-2021,FAIL,540,4,207,336
111,ConfliBERT-2021,ANY_ACTION,790,1,515,515
65,ConfliBERT-2021,ANY_ACTION,810,5,162,480
87,ConfliBERT-2021,KILL,683,2,356,442
87,ConfliBERT-2021,ARREST,683,2,505,519
87,ConfliBERT-2021,FORCE,683,2,356,442
87,ConfliBERT-2021,ANY_ACTION,683,10,1,530
101,ConfliBERT-2021,ARREST,565,6,3,434
101,ConfliBERT-2021,ANY_ACTION,565,13,3,530
109,ConfliBERT-2021,KILL,889,5,421,622
109,ConfliBERT-2021,ARREST,889,7,248,782
109,ConfliBERT-2021,FORCE,889,8,59,622
109,ConfliBERT-2021,ANY_ACTION,889,23,59,827
116,ConfliBERT-2021,ANY_ACTION,176,2,1,43
143,ConfliBERT-2021,ARREST,389,4,94,302
143,ConfliBERT-2021,FORCE,389,1,226,226
143,ConfliBERT-2021,ANY_ACTION,389,6,94,302
152,ConfliBERT-2021,ANY_ACTION,410,2,280,329
10,ConfliBERT-2021,ARREST,379,2,270,346
10,ConfliBERT-2021,FORCE,379,5,1,322
10,ConfliBERT-2021,ANY_ACTION,379,13,1,346
23,ConfliBERT-2021,ANY_ACTION,706,1,628,628
31,ConfliBERT-2021,ANY_ACTION,406,5,103,328
174,ConfliBERT-2021,KILL,485,2,378,407
174,ConfliBERT-2021,FORCE,485,2,378,407
174,ConfliBERT-2021,ANY_ACTION,485,2,378,407
181,ConfliBERT-2021,ANY_ACTION,582,1,352,352
9,ConfliBERT-2021,ANY_ACTION,280,2,122,158
224,ConfliBERT-2021,ANY_ACTION,167,5,1,107
226,ConfliBERT-2021,ANY_ACTION,465,1,49,49
229,ConfliBERT-2021,FAIL,447,1,319,319
229,ConfliBERT-2021,ANY_ACTION,447,1,85,85
233,ConfliBERT-2021,ANY_ACTION,674,3,82,538
145,ConfliBERT-2021,ANY_ACTION,356,2,1,58
151,ConfliBERT-2021,ANY_ACTION,504,3,118,264
160,ConfliBERT-2021,ANY_ACTION,451,5,23,298
162,ConfliBERT-2021,ANY_ACTION,242,3,55,146
201,ConfliBERT-2021,KILL,534,1,455,455
201,ConfliBERT-2021,FAIL,534,1,309,309
201,ConfliBERT-2021,FORCE,534,1,455,455
201,ConfliBERT-2021,ANY_ACTION,534,8,9,455
204,ConfliBERT-2021,ANY_ACTION,643,1,71,71
207,ConfliBERT-2021,ARREST,509,5,9,387
207,ConfliBERT-2021,ANY_ACTION,509,11,9,466
19,ConfliBERT-2021,FORCE,256,2,3,202
19,ConfliBERT-2021,ANY_ACTION,256,5,3,202
25,ConfliBERT-2021,FAIL,377,1,207,207
25,ConfliBERT-2021,ANY_ACTION,377,2,267,326
40,ConfliBERT-2021,KILL,663,2,174,257
40,ConfliBERT-2021,FORCE,663,4,107,283
40,ConfliBERT-2021,ANY_ACTION,663,9,3,427
45,ConfliBERT-2021,FAIL,354,1,190,190
83,ConfliBERT-2021,ANY_ACTION,178,1,132,132
94,ConfliBERT-2021,FAIL,626,1,481,481
94,ConfliBERT-2021,ANY_ACTION,626,2,77,481
21,ConfliBERT-2021,FAIL,414,1,1,1
43,ConfliBERT-2021,FAIL,261,1,177,177
43,ConfliBERT-2021,ANY_ACTION,261,3,1,79
265,ConfliBERT-2021,ANY_ACTION,264,1,208,208
284,ConfliBERT-2021,ANY_ACTION,239,1,179,179
290,ConfliBERT-2021,ANY_ACTION,137,1,87,87
112,ConfliBERT-2021,FAIL,364,1,131,131
121,ConfliBERT-2021,FAIL,295,1,80,80
121,ConfliBERT-2021,ANY_ACTION,295,2,80,214
129,ConfliBERT-2021,ANY_ACTION,552,12,53,525
210,ConfliBERT-2021,FAIL,635,1,536,536
246,ConfliBERT-2021,ANY_ACTION,619,8,41,416
30,ConfliBERT-2021,FORCE,155,1,1,1
30,ConfliBERT-2021,ANY_ACTION,155,3,1,91
36,ConfliBERT-2021,ANY_ACTION,181,2,122,155
58,ConfliBERT-2021,ARREST,570,2,187,275
58,ConfliBERT-2021,ANY_ACTION,570,15,1,534
61,ConfliBERT-2021,ARREST,421,1,90,90
61,ConfliBERT-2021,ANY_ACTION,421,3,90,317
73,ConfliBERT-2021,FAIL,257,2,119,185
73,ConfliBERT-2021,ANY_ACTION,257,4,1,185
74,ConfliBERT-2021,ANY_ACTION,196,1,10,10
79,ConfliBERT-2021,ANY_ACTION,299,4,9,213
96,ConfliBERT-2021,ARREST,484,2,141,386
96,ConfliBERT-2021,ANY_ACTION,484,9,86,458
278,ConfliBERT-2021,FAIL,292,1,203,203
285,ConfliBERT-2021,ANY_ACTION,276,3,32,104
292,ConfliBERT-2021,ANY_ACTION,207,1,126,126
300,ConfliBERT-2021,ARREST,719,1,185,185
300,ConfliBERT-2021,FAIL,719,2,393,492
300,ConfliBERT-2021,ANY_ACTION,719,9,185,565
308,ConfliBERT-2021,KILL,611,2,475,584
308,ConfliBERT-2021,FORCE,611,5,58,584
308,ConfliBERT-2021,ANY_ACTION,611,6,1,584
313,ConfliBERT-2021,ANY_ACTION,297,1,226,226
339,ConfliBERT-2021,ARREST,593,1,259,259
339,ConfliBERT-2021,ANY_ACTION,593,8,138,575
72,ConfliBERT-2021,FAIL,334,1,1,1
95,ConfliBERT-2021,ANY_ACTION,591,2,543,557
134,ConfliBERT-2021,ANY_ACTION,121,1,1,1
135,ConfliBERT-2021,ANY_ACTION,238,2,126,138
139,ConfliBERT-2021,ANY_ACTION,453,1,423,423
141,ConfliBERT-2021,ARREST,523,1,142,142
141,ConfliBERT-2021,ANY_ACTION,523,4,142,460
142,ConfliBERT-2021,ANY_ACTION,300,4,1,96
167,ConfliBERT-2021,FAIL,581,3,309,383
167,ConfliBERT-2021,FORCE,581,1,321,321
167,ConfliBERT-2021,ANY_ACTION,581,8,9,534
198,ConfliBERT-2021,FAIL,498,1,1,1
241,ConfliBERT-2021,ARREST,232,1,199,199
241,ConfliBERT-2021,ANY_ACTION,232,3,117,199
98,ConfliBERT-2021,ANY_ACTION,772,12,11,746
103,ConfliBERT-2021,ANY_ACTION,175,1,51,51
272,ConfliBERT-2021,ARREST,664,4,268,520
272,ConfliBERT-2021,FAIL,664,1,42,42
272,ConfliBERT-2021,ANY_ACTION,664,17,1,590
115,ConfliBERT-2021,ANY_ACTION,163,1,139,139
273,ConfliBERT-2021,FAIL,1031,8,9,711
273,ConfliBERT-2021,FORCE,1031,4,9,961
273,ConfliBERT-2021,ANY_ACTION,1031,9,9,961
122,ConfliBERT-2021,ANY_ACTION,651,10,1,467
299,ConfliBERT-2021,ARREST,450,2,167,375
299,ConfliBERT-2021,ANY_ACTION,450,5,30,375
323,ConfliBERT-2021,ANY_ACTION,799,4,437,554
348,ConfliBERT-2021,ARREST,549,1,336,336
348,ConfliBERT-2021,ANY_ACTION,549,9,67,504
352,ConfliBERT-2021,ANY_ACTION,355,3,1,313
357,ConfliBERT-2021,KILL,396,1,180,180
357,ConfliBERT-2021,FORCE,396,2,42,180
357,ConfliBERT-2021,ANY_ACTION,396,3,42,180
366,ConfliBERT-2021,ANY_ACTION,365,10,96,340
369,ConfliBERT-2021,ANY_ACTION,219,3,1,55
374,ConfliBERT-2021,KILL,903,1,847,847
374,ConfliBERT-2021,FORCE,903,1,847,847
374,ConfliBERT-2021,ANY_ACTION,903,1,847,847
376,ConfliBERT-2021,ARREST,528,7,11,400
376,ConfliBERT-2021,ANY_ACTION,528,13,11,488
419,ConfliBERT-2021,ARREST,694,1,70,70
419,ConfliBERT-2021,ANY_ACTION,694,7,9,627
423,ConfliBERT-2021,ARREST,405,3,9,310
423,ConfliBERT-2021,ANY_ACTION,405,7,9,382
427,ConfliBERT-2021,ANY_ACTION,177,2,115,134
429,ConfliBERT-2021,FAIL,762,1,674,674
448,ConfliBERT-2021,ARREST,226,3,4,91
448,ConfliBERT-2021,ANY_ACTION,226,3,4,91
451,ConfliBERT-2021,ANY_ACTION,403,3,148,384
455,ConfliBERT-2021,ANY_ACTION,420,6,178,396
470,ConfliBERT-2021,ANY_ACTION,702,1,290,290
473,ConfliBERT-2021,ARREST,221,3,1,91
473,ConfliBERT-2021,ANY_ACTION,221,4,1,159
490,ConfliBERT-2021,ARREST,136,2,1,41
490,ConfliBERT-2021,ANY_ACTION,136,3,1,69
503,ConfliBERT-2021,ANY_ACTION,529,7,51,502
515,ConfliBERT-2021,FAIL,773,1,545,545
515,ConfliBERT-2021,ANY_ACTION,773,15,16,705
69,ConfliBERT-2021,ANY_ACTION,445,1,345,345
130,ConfliBERT-2021,FAIL,562,7,1,490
130,ConfliBERT-2021,ANY_ACTION,562,2,1,267
124,ConfliBERT-2021,ANY_ACTION,430,3,93,288
164,ConfliBERT-2021,ANY_ACTION,254,3,1,74
187,ConfliBERT-2021,ANY_ACTION,560,1,33,33
196,ConfliBERT-2021,ANY_ACTION,357,3,249,313
147,ConfliBERT-2021,ANY_ACTION,322,4,44,232
166,ConfliBERT-2021,KILL,422,1,310,310
166,ConfliBERT-2021,FORCE,422,4,117,336
166,ConfliBERT-2021,ANY_ACTION,422,6,63,377
349,ConfliBERT-2021,KILL,530,1,508,508
349,ConfliBERT-2021,FORCE,530,1,508,508
349,ConfliBERT-2021,ANY_ACTION,530,1,508,508
359,ConfliBERT-2021,ANY_ACTION,214,6,1,161
391,ConfliBERT-2021,ANY_ACTION,92,1,50,50
396,ConfliBERT-2021,FAIL,952,1,702,702
396,ConfliBERT-2021,ANY_ACTION,952,3,480,702
408,ConfliBERT-2021,ANY_ACTION,519,2,112,336
232,ConfliBERT-2021,ANY_ACTION,591,5,130,556
411,ConfliBERT-2021,ANY_ACTION,677,9,125,672
437,ConfliBERT-2021,ARREST,370,1,345,345
437,ConfliBERT-2021,FAIL,370,1,156,156
437,ConfliBERT-2021,ANY_ACTION,370,1,345,345
440,ConfliBERT-2021,ARREST,195,4,1,121
440,ConfliBERT-2021,ANY_ACTION,195,4,1,121
442,ConfliBERT-2021,FAIL,618,1,417,417
443,ConfliBERT-2021,FORCE,906,1,500,500
443,ConfliBERT-2021,ANY_ACTION,906,1,500,500
460,ConfliBERT-2021,FAIL,371,1,212,212
465,ConfliBERT-2021,FAIL,715,1,605,605
465,ConfliBERT-2021,ANY_ACTION,715,1,53,53
467,ConfliBERT-2021,ANY_ACTION,155,1,48,48
468,ConfliBERT-2021,ARREST,540,1,78,78
468,ConfliBERT-2021,ANY_ACTION,540,2,78,198
472,ConfliBERT-2021,ANY_ACTION,428,11,1,381
495,ConfliBERT-2021,ANY_ACTION,210,4,53,186
507,ConfliBERT-2021,FAIL,182,1,43,43
509,ConfliBERT-2021,ANY_ACTION,263,1,60,60
545,ConfliBERT-2021,FAIL,400,2,187,370
545,ConfliBERT-2021,ANY_ACTION,400,1,168,168
245,ConfliBERT-2021,ARREST,325,1,127,127
245,ConfliBERT-2021,ANY_ACTION,325,14,9,305
256,ConfliBERT-2021,KILL,529,1,413,413
256,ConfliBERT-2021,ARREST,529,2,314,508
256,ConfliBERT-2021,FAIL,529,1,353,353
256,ConfliBERT-2021,FORCE,529,3,66,413
256,ConfliBERT-2021,ANY_ACTION,529,9,66,508
563,ConfliBERT-2021,ARREST,412,1,265,265
563,ConfliBERT-2021,ANY_ACTION,412,7,51,331
268,ConfliBERT-2021,FAIL,539,1,100,100
568,ConfliBERT-2021,ARREST,422,2,206,232
568,ConfliBERT-2021,ANY_ACTION,422,3,206,390
583,ConfliBERT-2021,FAIL,611,1,293,293
596,ConfliBERT-2021,ANY_ACTION,235,2,1,69
598,ConfliBERT-2021,FAIL,653,2,553,615
598,ConfliBERT-2021,ANY_ACTION,653,3,43,338
615,ConfliBERT-2021,FAIL,452,4,80,424
615,ConfliBERT-2021,ANY_ACTION,452,5,39,424
295,ConfliBERT-2021,FAIL,495,1,245,245
624,ConfliBERT-2021,ARREST,145,1,1,1
624,ConfliBERT-2021,ANY_ACTION,145,2,1,37
309,ConfliBERT-2021,ANY_ACTION,87,1,33,33
529,ConfliBERT-2021,KILL,635,1,241,241
529,ConfliBERT-2021,FORCE,635,2,241,254
529,ConfliBERT-2021,ANY_ACTION,635,5,140,414
651,ConfliBERT-2021,KILL,367,1,44,44
651,ConfliBERT-2021,ARREST,367,1,44,44
651,ConfliBERT-2021,FORCE,367,1,44,44
651,ConfliBERT-2021,ANY_ACTION,367,3,44,260
532,ConfliBERT-2021,ANY_ACTION,348,3,182,317
536,ConfliBERT-2021,ARREST,830,1,254,254
536,ConfliBERT-2021,FAIL,830,1,54,54
536,ConfliBERT-2021,FORCE,830,1,212,212
536,ConfliBERT-2021,ANY_ACTION,830,4,212,716
315,ConfliBERT-2021,ANY_ACTION,307,1,51,51
585,ConfliBERT-2021,ARREST,123,2,1,115
585,ConfliBERT-2021,ANY_ACTION,123,2,1,115
586,ConfliBERT-2021,ANY_ACTION,462,2,110,198
613,ConfliBERT-2021,KILL,665,1,156,156
613,ConfliBERT-2021,FAIL,665,1,54,54
613,ConfliBERT-2021,FORCE,665,3,1,156
613,ConfliBERT-2021,ANY_ACTION,665,5,1,539
332,ConfliBERT-2021,ANY_ACTION,482,4,276,370
626,ConfliBERT-2021,ANY_ACTION,265,2,163,235
627,ConfliBERT-2021,ANY_ACTION,549,1,419,419
634,ConfliBERT-2021,FORCE,725,1,581,581
634,ConfliBERT-2021,ANY_ACTION,725,2,544,581
638,ConfliBERT-2021,ANY_ACTION,1207,2,351,443
677,ConfliBERT-2021,ARREST,820,1,290,290
677,ConfliBERT-2021,ANY_ACTION,820,6,146,670
688,ConfliBERT-2021,ANY_ACTION,202,1,162,162
691,ConfliBERT-2021,ANY_ACTION,175,2,51,108
678,ConfliBERT-2021,ANY_ACTION,271,1,48,48
690,ConfliBERT-2021,FAIL,518,2,1,225
690,ConfliBERT-2021,ANY_ACTION,518,14,48,459
698,ConfliBERT-2021,ANY_ACTION,255,1,205,205
168,ConfliBERT-2021,ANY_ACTION,416,4,1,133
195,ConfliBERT-2021,ANY_ACTION,454,1,187,187
209,ConfliBERT-2021,ARREST,183,3,15,91
209,ConfliBERT-2021,ANY_ACTION,183,3,15,91
267,ConfliBERT-2021,ANY_ACTION,288,1,36,36
239,ConfliBERT-2021,ANY_ACTION,431,6,3,251
289,ConfliBERT-2021,ANY_ACTION,376,4,234,342
303,ConfliBERT-2021,FAIL,243,1,111,111
259,ConfliBERT-2021,ANY_ACTION,776,11,58,647
263,ConfliBERT-2021,ANY_ACTION,266,4,76,197
337,ConfliBERT-2021,ANY_ACTION,737,1,508,508
334,ConfliBERT-2021,ANY_ACTION,803,1,667,667
344,ConfliBERT-2021,ANY_ACTION,169,1,92,92
354,ConfliBERT-2021,ANY_ACTION,134,1,52,52
361,ConfliBERT-2021,ANY_ACTION,240,3,1,133
367,ConfliBERT-2021,ANY_ACTION,437,15,9,330
379,ConfliBERT-2021,FAIL,265,3,89,225
379,ConfliBERT-2021,ANY_ACTION,265,1,225,225
414,ConfliBERT-2021,ANY_ACTION,844,4,307,810
416,ConfliBERT-2021,FAIL,515,2,421,459
416,ConfliBERT-2021,ANY_ACTION,515,8,9,496
406,ConfliBERT-2021,FORCE,243,1,163,163
406,ConfliBERT-2021,ANY_ACTION,243,1,163,163
428,ConfliBERT-2021,ANY_ACTION,138,3,1,109
456,ConfliBERT-2021,FAIL,442,1,353,353
481,ConfliBERT-2021,ANY_ACTION,921,1,139,139
453,ConfliBERT-2021,FORCE,718,1,136,136
453,ConfliBERT-2021,ANY_ACTION,718,5,136,574
459,ConfliBERT-2021,KILL,512,1,140,140
459,ConfliBERT-2021,ARREST,512,3,222,395
459,ConfliBERT-2021,FORCE,512,3,140,332
459,ConfliBERT-2021,ANY_ACTION,512,12,140,496
462,ConfliBERT-2021,KILL,616,1,584,584
462,ConfliBERT-2021,FORCE,616,1,584,584
462,ConfliBERT-2021,ANY_ACTION,616,1,584,584
516,ConfliBERT-2021,ANY_ACTION,461,1,209,209
520,ConfliBERT-2021,FAIL,542,1,327,327
525,ConfliBERT-2021,ARREST,478,1,454,454
525,ConfliBERT-2021,FORCE,478,2,87,395
525,ConfliBERT-2021,ANY_ACTION,478,5,87,454
557,ConfliBERT-2021,FAIL,505,5,1,443
557,ConfliBERT-2021,ANY_ACTION,505,6,41,364
566,ConfliBERT-2021,FAIL,293,2,80,99
635,ConfliBERT-2021,KILL,479,2,221,261
635,ConfliBERT-2021,FORCE,479,2,221,261
635,ConfliBERT-2021,ANY_ACTION,479,4,118,261
637,ConfliBERT-2021,ANY_ACTION,678,8,27,391
662,ConfliBERT-2021,ANY_ACTION,298,8,9,262
673,ConfliBERT-2021,FAIL,598,2,189,208
673,ConfliBERT-2021,ANY_ACTION,598,3,162,208
393,ConfliBERT-2021,FAIL,522,1,417,417
393,ConfliBERT-2021,ANY_ACTION,522,3,263,466
329,ConfliBERT-2021,ANY_ACTION,325,1,176,176
506,ConfliBERT-2021,FAIL,696,1,133,133
512,ConfliBERT-2021,FAIL,586,1,77,77
512,ConfliBERT-2021,ANY_ACTION,586,5,3,423
333,ConfliBERT-2021,KILL,263,1,231,231
333,ConfliBERT-2021,FORCE,263,1,231,231
333,ConfliBERT-2021,ANY_ACTION,263,1,231,231
347,ConfliBERT-2021,ANY_ACTION,1006,1,898,898
446,ConfliBERT-2021,FAIL,542,3,9,204
446,ConfliBERT-2021,ANY_ACTION,542,2,9,61
474,ConfliBERT-2021,FAIL,378,1,164,164
498,ConfliBERT-2021,ARREST,667,4,148,520
498,ConfliBERT-2021,ANY_ACTION,667,15,109,520
478,ConfliBERT-2021,ANY_ACTION,648,3,292,581
500,ConfliBERT-2021,ANY_ACTION,271,6,1,225
522,ConfliBERT-2021,FAIL,542,1,33,33
522,ConfliBERT-2021,ANY_ACTION,542,17,76,517
542,ConfliBERT-2021,ARREST,372,7,11,305
542,ConfliBERT-2021,ANY_ACTION,372,11,11,337
559,ConfliBERT-2021,FAIL,933,1,435,435
589,ConfliBERT-2021,ANY_ACTION,359,4,55,235
523,ConfliBERT-2021,KILL,645,2,364,450
523,ConfliBERT-2021,ARREST,645,2,513,527
523,ConfliBERT-2021,FORCE,645,2,364,450
523,ConfliBERT-2021,ANY_ACTION,645,9,9,527
604,ConfliBERT-2021,ARREST,380,1,213,213
604,ConfliBERT-2021,ANY_ACTION,380,8,1,354
663,ConfliBERT-2021,ANY_ACTION,521,7,138,504
562,ConfliBERT-2021,FAIL,517,2,353,374
648,ConfliBERT-2021,ANY_ACTION,300,4,88,174
618,ConfliBERT-2021,ANY_ACTION,271,1,151,151
640,ConfliBERT-2021,ARREST,413,2,62,312
640,ConfliBERT-2021,ANY_ACTION,413,8,62,376
689,ConfliBERT-2021,KILL,520,2,195,209
689,ConfliBERT-2021,FORCE,520,2,195,209
689,ConfliBERT-2021,ANY_ACTION,520,4,195,360
704,ConfliBERT-2021,ANY_ACTION,278,4,55,128
705,ConfliBERT-2021,ARREST,414,6,1,259
705,ConfliBERT-2021,ANY_ACTION,414,8,1,259
724,ConfliBERT-2021,FORCE,401,2,94,223
724,ConfliBERT-2021,ANY_ACTION,401,2,94,223
740,ConfliBERT-2021,ANY_ACTION,82,1,4,4
741,ConfliBERT-2021,ANY_ACTION,219,1,174,174
709,ConfliBERT-2021,ANY_ACTION,109,3,9,90
719,ConfliBERT-2021,ARREST,554,1,322,322
719,ConfliBERT-2021,ANY_ACTION,554,1,322,322
758,ConfliBERT-2021,FAIL,495,1,9,9
781,ConfliBERT-2021,ANY_ACTION,770,3,180,276
784,ConfliBERT-2021,KILL,669,1,1,1
784,ConfliBERT-2021,ARREST,669,2,217,255
784,ConfliBERT-2021,FORCE,669,8,1,600
784,ConfliBERT-2021,ANY_ACTION,669,10,1,600
707,ConfliBERT-2021,ANY_ACTION,475,10,221,409
720,ConfliBERT-2021,ARREST,128,1,37,37
720,ConfliBERT-2021,ANY_ACTION,128,3,3,83
721,ConfliBERT-2021,ANY_ACTION,493,1,149,149
728,ConfliBERT-2021,FAIL,649,8,120,615
728,ConfliBERT-2021,FORCE,649,2,47,496
728,ConfliBERT-2021,ANY_ACTION,649,11,47,550
733,ConfliBERT-2021,ARREST,352,2,9,235
733,ConfliBERT-2021,ANY_ACTION,352,11,9,332
747,ConfliBERT-2021,KILL,532,5,35,347
747,ConfliBERT-2021,ARREST,532,3,166,457
747,ConfliBERT-2021,FORCE,532,9,35,471
747,ConfliBERT-2021,ANY_ACTION,532,18,35,513
756,ConfliBERT-2021,ARREST,766,1,574,574
756,ConfliBERT-2021,ANY_ACTION,766,1,574,574
766,ConfliBERT-2021,FORCE,1343,1,693,693
766,ConfliBERT-2021,ANY_ACTION,1343,6,549,1019
794,ConfliBERT-2021,FAIL,269,1,46,46
797,ConfliBERT-2021,FAIL,476,1,411,411
799,ConfliBERT-2021,ARREST,469,3,179,250
799,ConfliBERT-2021,ANY_ACTION,469,3,179,250
803,ConfliBERT-2021,ARREST,1273,1,857,857
803,ConfliBERT-2021,ANY_ACTION,1273,14,11,1247
811,ConfliBERT-2021,ANY_ACTION,365,2,73,111
826,ConfliBERT-2021,ANY_ACTION,235,1,87,87
874,ConfliBERT-2021,ANY_ACTION,644,2,599,620
879,ConfliBERT-2021,ANY_ACTION,635,3,536,600
898,ConfliBERT-2021,KILL,387,4,1,286
898,ConfliBERT-2021,FORCE,387,5,1,286
898,ConfliBERT-2021,ANY_ACTION,387,6,1,286
899,ConfliBERT-2021,ARREST,327,1,247,247
899,ConfliBERT-2021,ANY_ACTION,327,2,97,247
744,ConfliBERT-2021,ANY_ACTION,359,2,140,341
768,ConfliBERT-2021,FAIL,496,1,413,413
768,ConfliBERT-2021,ANY_ACTION,496,4,140,365
782,ConfliBERT-2021,ARREST,358,4,21,305
782,ConfliBERT-2021,ANY_ACTION,358,7,21,347
793,ConfliBERT-2021,ARREST,243,1,1,1
793,ConfliBERT-2021,ANY_ACTION,243,7,1,194
796,ConfliBERT-2021,ANY_ACTION,146,4,10,102
807,ConfliBERT-2021,ARREST,688,1,249,249
807,ConfliBERT-2021,ANY_ACTION,688,2,249,317
815,ConfliBERT-2021,FAIL,373,1,283,283
821,ConfliBERT-2021,ARREST,615,2,33,504
821,ConfliBERT-2021,ANY_ACTION,615,3,33,504
827,ConfliBERT-2021,ARREST,246,3,1,168
827,ConfliBERT-2021,ANY_ACTION,246,5,1,168
943,ConfliBERT-2021,ARREST,798,1,151,151
943,ConfliBERT-2021,FORCE,798,1,359,359
943,ConfliBERT-2021,ANY_ACTION,798,10,82,721
950,ConfliBERT-2021,ANY_ACTION,152,1,4,4
952,ConfliBERT-2021,ANY_ACTION,1312,1,12,12
962,ConfliBERT-2021,ARREST,682,6,85,605
962,ConfliBERT-2021,ANY_ACTION,682,9,85,605
983,ConfliBERT-2021,FAIL,735,1,512,512
993,ConfliBERT-2021,FAIL,654,2,278,636
993,ConfliBERT-2021,ANY_ACTION,654,11,10,636
1011,ConfliBERT-2021,ARREST,203,1,161,161
1011,ConfliBERT-2021,ANY_ACTION,203,4,1,161
1027,ConfliBERT-2021,ANY_ACTION,152,1,63,63
1028,ConfliBERT-2021,ANY_ACTION,341,1,228,228
833,ConfliBERT-2021,ANY_ACTION,409,1,362,362
838,ConfliBERT-2021,ARREST,388,3,9,160
838,ConfliBERT-2021,ANY_ACTION,388,5,9,272
846,ConfliBERT-2021,FORCE,560,1,418,418
846,ConfliBERT-2021,ANY_ACTION,560,2,418,446
865,ConfliBERT-2021,ARREST,390,8,3,332
865,ConfliBERT-2021,ANY_ACTION,390,8,3,332
871,ConfliBERT-2021,ARREST,483,1,255,255
871,ConfliBERT-2021,ANY_ACTION,483,1,255,255
876,ConfliBERT-2021,FAIL,643,1,446,446
876,ConfliBERT-2021,ANY_ACTION,643,1,115,115
1044,ConfliBERT-2021,ARREST,240,2,9,166
1044,ConfliBERT-2021,ANY_ACTION,240,3,9,166
1047,ConfliBERT-2021,ANY_ACTION,130,1,35,35
715,ConfliBERT-2021,ANY_ACTION,1216,3,144,520
722,ConfliBERT-2021,ARREST,276,1,114,114
722,ConfliBERT-2021,ANY_ACTION,276,5,78,188
805,ConfliBERT-2021,ANY_ACTION,583,11,9,422
911,ConfliBERT-2021,ANY_ACTION,666,2,382,567
917,ConfliBERT-2021,FAIL,242,1,198,198
917,ConfliBERT-2021,ANY_ACTION,242,2,145,198
921,ConfliBERT-2021,FAIL,622,1,304,304
921,ConfliBERT-2021,ANY_ACTION,622,5,215,379
922,ConfliBERT-2021,ANY_ACTION,477,14,84,454
963,ConfliBERT-2021,ARREST,679,1,494,494
963,ConfliBERT-2021,ANY_ACTION,679,13,315,636
1058,ConfliBERT-2021,ANY_ACTION,288,2,1,133
713,ConfliBERT-2021,ANY_ACTION,295,1,128,128
717,ConfliBERT-2021,KILL,631,4,71,328
717,ConfliBERT-2021,ARREST,631,2,157,187
717,ConfliBERT-2021,FORCE,631,6,71,429
717,ConfliBERT-2021,ANY_ACTION,631,11,71,429
1064,ConfliBERT-2021,FORCE,266,2,90,123
1064,ConfliBERT-2021,ANY_ACTION,266,4,1,123
1071,ConfliBERT-2021,ANY_ACTION,250,3,1,142
1076,ConfliBERT-2021,KILL,235,1,46,46
1076,ConfliBERT-2021,FORCE,235,1,46,46
1076,ConfliBERT-2021,ANY_ACTION,235,6,46,188
1094,ConfliBERT-2021,FAIL,631,2,301,363
1094,ConfliBERT-2021,ANY_ACTION,631,1,301,301
1105,ConfliBERT-2021,KILL,765,2,29,137
1105,ConfliBERT-2021,FORCE,765,6,29,341
1105,ConfliBERT-2021,ANY_ACTION,765,6,29,341
981,ConfliBERT-2021,ANY_ACTION,613,1,225,225
989,ConfliBERT-2021,ANY_ACTION,229,2,153,171
995,ConfliBERT-2021,ANY_ACTION,169,1,9,9
1010,ConfliBERT-2021,ANY_ACTION,421,2,1,158
1019,ConfliBERT-2021,ANY_ACTION,740,1,568,568
1020,ConfliBERT-2021,KILL,633,2,291,605
1020,ConfliBERT-2021,ARREST,633,1,490,490
1020,ConfliBERT-2021,FORCE,633,2,291,605
1020,ConfliBERT-2021,ANY_ACTION,633,4,262,605
1124,ConfliBERT-2021,ANY_ACTION,254,2,11,233
1129,ConfliBERT-2021,ANY_ACTION,444,12,29,437
1138,ConfliBERT-2021,ANY_ACTION,455,1,252,252
842,ConfliBERT-2021,ANY_ACTION,439,3,75,397
845,ConfliBERT-2021,KILL,370,8,25,256
845,ConfliBERT-2021,FAIL,370,1,329,329
845,ConfliBERT-2021,FORCE,370,8,25,256
845,ConfliBERT-2021,ANY_ACTION,370,10,25,329
860,ConfliBERT-2021,ARREST,261,2,30,84
860,ConfliBERT-2021,ANY_ACTION,261,3,30,207
725,ConfliBERT-2021,ANY_ACTION,548,14,31,527
867,ConfliBERT-2021,ARREST,519,6,1,349
867,ConfliBERT-2021,FORCE,519,1,54,54
867,ConfliBERT-2021,ANY_ACTION,519,14,1,457
882,ConfliBERT-2021,ARREST,681,3,105,356
882,ConfliBERT-2021,ANY_ACTION,681,4,105,559
1167,ConfliBERT-2021,FORCE,618,1,570,570
1167,ConfliBERT-2021,ANY_ACTION,618,4,256,579
885,ConfliBERT-2021,ARREST,523,1,338,338
885,ConfliBERT-2021,FAIL,523,1,338,338
885,ConfliBERT-2021,ANY_ACTION,523,1,338,338
755,ConfliBERT-2021,ANY_ACTION,248,1,66,66
763,ConfliBERT-2021,KILL,558,1,61,61
763,ConfliBERT-2021,FORCE,558,1,61,61
763,ConfliBERT-2021,ANY_ACTION,558,3,61,480
918,ConfliBERT-2021,ARREST,173,4,1,109
918,ConfliBERT-2021,ANY_ACTION,173,5,1,142
924,ConfliBERT-2021,ARREST,82,2,1,48
924,ConfliBERT-2021,ANY_ACTION,82,2,1,48
787,ConfliBERT-2021,FAIL,338,1,124,124
835,ConfliBERT-2021,ANY_ACTION,349,1,51,51
767,ConfliBERT-2021,ARREST,698,1,619,619
767,ConfliBERT-2021,ANY_ACTION,698,1,619,619
1052,ConfliBERT-2021,ANY_ACTION,441,5,98,414
1055,ConfliBERT-2021,ANY_ACTION,513,11,1,465
1086,ConfliBERT-2021,ANY_ACTION,338,1,200,200
1101,ConfliBERT-2021,ANY_ACTION,456,5,130,367
1142,ConfliBERT-2021,ARREST,358,4,21,305
1142,ConfliBERT-2021,ANY_ACTION,358,10,21,347
1189,ConfliBERT-2021,ANY_ACTION,274,2,11,43
1145,ConfliBERT-2021,ANY_ACTION,186,2,43,74
1149,ConfliBERT-2021,FAIL,885,1,416,416
1149,ConfliBERT-2021,ANY_ACTION,885,1,455,455
778,ConfliBERT-2021,ARREST,678,4,66,490
778,ConfliBERT-2021,ANY_ACTION,678,6,66,490
1159,ConfliBERT-2021,ANY_ACTION,716,1,60,60
1161,ConfliBERT-2021,ARREST,482,2,325,407
1161,ConfliBERT-2021,ANY_ACTION,482,3,325,407
1163,ConfliBERT-2021,ARREST,180,1,57,57
1163,ConfliBERT-2021,ANY_ACTION,180,1,57,57
791,ConfliBERT-2021,FAIL,353,1,297,297
791,ConfliBERT-2021,ANY_ACTION,353,8,1,297
814,ConfliBERT-2021,ANY_ACTION,557,1,438,438
880,ConfliBERT-2021,ARREST,671,2,466,530
880,ConfliBERT-2021,FAIL,671,1,371,371
880,ConfliBERT-2021,ANY_ACTION,671,6,254,554
887,ConfliBERT-2021,FAIL,652,2,133,199
904,ConfliBERT-2021,ANY_ACTION,211,2,114,148
914,ConfliBERT-2021,ARREST,521,3,247,477
914,ConfliBERT-2021,ANY_ACTION,521,4,247,477
948,ConfliBERT-2021,ANY_ACTION,264,1,75,75
961,ConfliBERT-2021,ANY_ACTION,249,3,83,159
947,ConfliBERT-2021,KILL,590,5,9,291
947,ConfliBERT-2021,FORCE,590,6,9,291
947,ConfliBERT-2021,ANY_ACTION,590,10,9,377
957,ConfliBERT-2021,ANY_ACTION,429,1,335,335
967,ConfliBERT-2021,ARREST,481,7,9,368
967,ConfliBERT-2021,ANY_ACTION,481,15,9,425
969,ConfliBERT-2021,ARREST,492,1,351,351
969,ConfliBERT-2021,FAIL,492,2,321,351
969,ConfliBERT-2021,ANY_ACTION,492,1,351,351
970,ConfliBERT-2021,ANY_ACTION,344,5,39,205
1003,ConfliBERT-2021,ANY_ACTION,187,5,13,165
1045,ConfliBERT-2021,ANY_ACTION,516,5,41,334
1048,ConfliBERT-2021,ARREST,341,2,131,324
1048,ConfliBERT-2021,ANY_ACTION,341,7,9,324
1165,ConfliBERT-2021,FAIL,600,6,96,563
1165,ConfliBERT-2021,FORCE,600,2,32,455
1165,ConfliBERT-2021,ANY_ACTION,600,8,32,506
1166,ConfliBERT-2021,ARREST,359,2,262,314
1166,ConfliBERT-2021,ANY_ACTION,359,3,48,314
1178,ConfliBERT-2021,ANY_ACTION,125,1,41,41
1249,ConfliBERT-2021,ANY_ACTION,208,2,1,81
1253,ConfliBERT-2021,ANY_ACTION,186,4,35,152
742,ConfliBERT-2021,ANY_ACTION,577,6,107,401
743,ConfliBERT-2021,FAIL,403,4,35,357
743,ConfliBERT-2021,ANY_ACTION,403,9,1,311
872,ConfliBERT-2021,ARREST,697,5,101,676
872,ConfliBERT-2021,FAIL,697,1,391,391
872,ConfliBERT-2021,ANY_ACTION,697,7,101,676
819,ConfliBERT-2021,ANY_ACTION,281,1,250,250
834,ConfliBERT-2021,ANY_ACTION,393,9,1,352
928,ConfliBERT-2021,ANY_ACTION,223,2,4,59
854,ConfliBERT-2021,ARREST,363,3,197,286
854,ConfliBERT-2021,ANY_ACTION,363,7,142,304
944,ConfliBERT-2021,FORCE,250,2,1,121
944,ConfliBERT-2021,ANY_ACTION,250,5,1,166
945,ConfliBERT-2021,FORCE,194,1,1,1
945,ConfliBERT-2021,ANY_ACTION,194,5,1,159
998,ConfliBERT-2021,ANY_ACTION,568,1,84,84
1016,ConfliBERT-2021,FAIL,277,2,9,71
1016,ConfliBERT-2021,ANY_ACTION,277,1,71,71
1018,ConfliBERT-2021,FORCE,357,2,249,297
1018,ConfliBERT-2021,ANY_ACTION,357,11,28,330
1033,ConfliBERT-2021,ARREST,740,5,11,677
1033,ConfliBERT-2021,ANY_ACTION,740,7,11,677
1050,ConfliBERT-2021,ARREST,517,1,401,401
1050,ConfliBERT-2021,ANY_ACTION,517,1,401,401
1072,ConfliBERT-2021,ANY_ACTION,399,12,1,377
1097,ConfliBERT-2021,ANY_ACTION,153,5,1,127
1099,ConfliBERT-2021,KILL,1550,4,336,1192
1099,ConfliBERT-2021,ARREST,1550,4,336,1162
1099,ConfliBERT-2021,FAIL,1550,4,336,1215
1099,ConfliBERT-2021,FORCE,1550,4,336,1192
1099,ConfliBERT-2021,ANY_ACTION,1550,27,93,1530
1104,ConfliBERT-2021,ARREST,731,1,173,173
1104,ConfliBERT-2021,ANY_ACTION,731,1,173,173
1117,ConfliBERT-2021,ARREST,618,7,1,495
1117,ConfliBERT-2021,ANY_ACTION,618,13,1,574
1133,ConfliBERT-2021,ANY_ACTION,472,11,76,401
1151,ConfliBERT-2021,ANY_ACTION,480,6,136,459
1155,ConfliBERT-2021,ANY_ACTION,494,1,228,228
1186,ConfliBERT-2021,ANY_ACTION,244,3,86,216
869,ConfliBERT-2021,KILL,649,1,302,302
869,ConfliBERT-2021,ARREST,649,1,312,312
869,ConfliBERT-2021,FORCE,649,2,302,312
869,ConfliBERT-2021,ANY_ACTION,649,4,302,420
1183,ConfliBERT-2021,ANY_ACTION,264,6,121,249
1216,ConfliBERT-2021,FAIL,848,5,1,820
1216,ConfliBERT-2021,ANY_ACTION,848,8,1,710
996,ConfliBERT-2021,ANY_ACTION,295,1,92,92
1000,ConfliBERT-2021,KILL,784,1,714,714
1000,ConfliBERT-2021,FORCE,784,1,714,714
1000,ConfliBERT-2021,ANY_ACTION,784,3,714,765
1001,ConfliBERT-2021,ANY_ACTION,372,1,251,251
1002,ConfliBERT-2021,ARREST,982,1,820,820
1002,ConfliBERT-2021,ANY_ACTION,982,4,293,881
1005,ConfliBERT-2021,ARREST,174,1,80,80
1005,ConfliBERT-2021,ANY_ACTION,174,1,80,80
1024,ConfliBERT-2021,ANY_ACTION,167,3,1,131
1041,ConfliBERT-2021,ARREST,841,1,219,219
1041,ConfliBERT-2021,FAIL,841,5,219,804
1041,ConfliBERT-2021,ANY_ACTION,841,18,25,804
1081,ConfliBERT-2021,ARREST,572,1,151,151
1081,ConfliBERT-2021,ANY_ACTION,572,3,151,461
1096,ConfliBERT-2021,ANY_ACTION,370,2,225,319
1122,ConfliBERT-2021,KILL,736,1,438,438
1122,ConfliBERT-2021,FAIL,736,2,57,235
1122,ConfliBERT-2021,FORCE,736,1,438,438
1122,ConfliBERT-2021,ANY_ACTION,736,2,438,501
1222,ConfliBERT-2021,ARREST,374,3,34,198
1222,ConfliBERT-2021,FAIL,374,1,251,251
1222,ConfliBERT-2021,ANY_ACTION,374,8,1,282
1144,ConfliBERT-2021,ANY_ACTION,872,3,615,794
1236,ConfliBERT-2021,FORCE,260,1,218,218
1236,ConfliBERT-2021,ANY_ACTION,260,4,38,218
1147,ConfliBERT-2021,ANY_ACTION,691,3,268,450
1242,ConfliBERT-2021,FAIL,312,1,288,288
1248,ConfliBERT-2021,ANY_ACTION,241,1,125,125
1252,ConfliBERT-2021,ARREST,416,1,356,356
1252,ConfliBERT-2021,ANY_ACTION,416,3,207,356
1171,ConfliBERT-2021,ARREST,761,2,194,568
1171,ConfliBERT-2021,FORCE,761,4,166,568
1171,ConfliBERT-2021,ANY_ACTION,761,13,106,701
1210,ConfliBERT-2021,KILL,751,1,386,386
1210,ConfliBERT-2021,ARREST,751,1,397,397
1210,ConfliBERT-2021,FAIL,751,1,516,516
1210,ConfliBERT-2021,FORCE,751,2,386,397
1210,ConfliBERT-2021,ANY_ACTION,751,4,386,516
1212,ConfliBERT-2021,KILL,256,2,1,138
1212,ConfliBERT-2021,FORCE,256,4,1,138
1212,ConfliBERT-2021,ANY_ACTION,256,6,1,138
1219,ConfliBERT-2021,KILL,329,1,77,77
1219,ConfliBERT-2021,FORCE,329,1,77,77
1219,ConfliBERT-2021,ANY_ACTION,329,1,77,77
1221,ConfliBERT-2021,ANY_ACTION,238,3,3,84
1227,ConfliBERT-2021,ANY_ACTION,878,4,84,653
1228,ConfliBERT-2021,KILL,472,1,302,302
1228,ConfliBERT-2021,FAIL,472,1,265,265
1228,ConfliBERT-2021,FORCE,472,3,282,391
1228,ConfliBERT-2021,ANY_ACTION,472,6,146,391
1239,ConfliBERT-2021,ANY_ACTION,240,1,65,65
1241,ConfliBERT-2021,ANY_ACTION,594,1,579,579
1224,ConfliBERT-2021,KILL,449,1,292,292
1224,ConfliBERT-2021,FORCE,449,1,292,292
1224,ConfliBERT-2021,ANY_ACTION,449,1,292,292
1255,ConfliBERT-2021,ANY_ACTION,212,1,104,104
870,ConfliBERT-2021,ANY_ACTION,854,2,9,26
897,ConfliBERT-2021,ARREST,560,1,462,462
897,ConfliBERT-2021,ANY_ACTION,560,10,11,536
929,ConfliBERT-2021,ANY_ACTION,589,5,138,518
1056,ConfliBERT-2021,ANY_ACTION,281,3,122,213
1075,ConfliBERT-2021,ANY_ACTION,537,3,81,128
1111,ConfliBERT-2021,ARREST,344,1,52,52
1111,ConfliBERT-2021,ANY_ACTION,344,1,52,52
1128,ConfliBERT-2021,ANY_ACTION,213,1,31,31
997,ConfliBERT-2021,KILL,415,2,130,263
997,ConfliBERT-2021,FORCE,415,2,130,263
997,ConfliBERT-2021,ANY_ACTION,415,2,130,263
1110,ConfliBERT-2021,ANY_ACTION,255,1,103,103
1134,ConfliBERT-2021,ANY_ACTION,275,1,84,84
1137,ConfliBERT-2021,ARREST,581,1,413,413
1137,ConfliBERT-2021,FORCE,581,2,533,544
1137,ConfliBERT-2021,ANY_ACTION,581,6,200,544
1146,ConfliBERT-2021,ARREST,525,2,156,220
1146,ConfliBERT-2021,ANY_ACTION,525,5,93,498
1158,ConfliBERT-2021,KILL,856,5,115,318
1158,ConfliBERT-2021,FORCE,856,6,115,391
1158,ConfliBERT-2021,ANY_ACTION,856,16,35,737
1202,ConfliBERT-2021,FORCE,404,1,235,235
1202,ConfliBERT-2021,ANY_ACTION,404,1,235,235
1203,ConfliBERT-2021,ARREST,306,2,99,124
1203,ConfliBERT-2021,ANY_ACTION,306,2,99,124
1232,ConfliBERT-2021,ANY_ACTION,391,1,309,309
1234,ConfliBERT-2021,ANY_ACTION,632,1,447,447
1247,ConfliBERT-2021,FORCE,773,1,363,363
1247,ConfliBERT-2021,ANY_ACTION,773,8,170,668
1109,ConfliBERT-2021,ARREST,623,2,227,395
1109,ConfliBERT-2021,FAIL,623,1,482,482
1109,ConfliBERT-2021,ANY_ACTION,623,6,227,482
1177,ConfliBERT-2021,ANY_ACTION,447,4,38,287
1192,ConfliBERT-2021,FORCE,450,1,404,404
1192,ConfliBERT-2021,ANY_ACTION,450,2,372,404
1237,ConfliBERT-2021,ARREST,665,2,204,534
1237,ConfliBERT-2021,FORCE,665,8,49,651
1237,ConfliBERT-2021,ANY_ACTION,665,12,49,651
1245,ConfliBERT-2021,FAIL,522,1,476,476
